{"Gauss-Newton": {"H0": 70.44835133827512, "Omega": 0.7360814616439786, "nfev": 5}, "Levenberg-Marquardt": {"H0": 70.4483501581921, "Omega": 0.736081403378943, "nfev": 6}}